<assembly xmlns="http://maven.apache.org/plugins/maven-assembly-plugin/assembly/1.1.0" 
		xmlns:xsi="http://www.w3.org/2001/XMLSchema-instance"
		xsi:schemaLocation="http://maven.apache.org/plugins/maven-assembly-plugin/assembly/1.1.0
				http://maven.apache.org/xsd/assembly-1.1.0.xsd">
	<id>ossnaf</id>
	<formats>
		<format>tar.gz</format>
		<format>zip</format>
	</formats>
	<fileSets>
		<fileSet>
		 	<directory>${project.build.directory}/dependency</directory>
		 	<outputDirectory>lib</outputDirectory>
		 	<includes>
		 		<include>*.jar</include>
		 	</includes>
		</fileSet>
		<fileSet>
		 	<directory>${basedir}/src/main/config</directory>
		 	<outputDirectory>conf</outputDirectory>
		 	<includes>
		 		<include>batchresolver.xml</include>
		 	</includes>
		</fileSet>
		<fileSet>
		 	<directory>${basedir}</directory>
		 	<outputDirectory>.</outputDirectory>
		 	<includes>
		 		<include>LICENCE.txt</include>
		 		<include>NOTICE.txt</include>
		 		<include>README.txt</include>
		 	</includes>
		</fileSet>
		<fileSet>
		 	<directory>${project.build.directory}/site/apidocs</directory>
		 	<outputDirectory>docs/apidocs</outputDirectory>
		</fileSet>
		<fileSet>
		 	<directory>${basedir}/docs/guide</directory>
		 	<outputDirectory>docs/guide</outputDirectory>
		</fileSet>
		<fileSet>
		 	<directory>${basedir}/samples/echobot/target</directory>
		 	<outputDirectory>samples</outputDirectory>
		 	<includes>
		 		<include>echobot*.jar</include>
		 	</includes>
		</fileSet>
		<fileSet>
		 	<directory>${basedir}/samples/portfwd/target</directory>
		 	<outputDirectory>samples</outputDirectory>
		 	<includes>
		 		<include>portfwd*.jar</include>
		 	</includes>
		</fileSet>
		<fileSet>
		 	<directory>${basedir}/src/main/config</directory>
		 	<outputDirectory>samples</outputDirectory>
		 	<includes>
		 		<include>portfwd.xml</include>
		 		<include>logging.xml</include>
		 	</includes>
		</fileSet>
	</fileSets>
</assembly>
